review,weak_label,probably_negative,probably_positive,probably_neutral
"It’s a weird mix of brilliance and stupidity. Great concept, but the execution was lazy. I respect the ambition, even if it didn't fully land.",Positive,0.0006655134811182503,0.9977935443211748,0.0015409421977070677
I struggled to sit through the first half. Nothing about the acting worked. I wouldn't recommend this to my worst enemy.,Positive,0.11421095182561469,0.6213429023011843,0.2644461458732012
I struggled to sit through the first half. The cinematography distracted me from everything else. Avoid this at all costs.,Abstain,0.3333333333333333,0.3333333333333333,0.3333333333333333
"I'm honestly still trying to process what I just saw. The acting was phenomenal, yet the CGI felt nonsensical. It left me puzzled.",Abstain,0.3333333333333333,0.3333333333333333,0.3333333333333333
A refreshing take on a tired genre. It perfectly balances humor and drama. A must-watch for fans of the genre.,Abstain,0.3333333333333333,0.3333333333333333,0.3333333333333333
The visual effects were delightful and added so much depth. I was hooked from the very first minute.,Abstain,0.3333333333333333,0.3333333333333333,0.3333333333333333
"I couldn't get past the lazy character development. I tried to like it, I really did, but it failed.",Abstain,0.3333333333333333,0.3333333333333333,0.3333333333333333
"While the cinematography was good, the rest felt plain. I have mixed feelings about this one.",Positive,0.0005383758087429272,0.5662338791499354,0.4332277450413217
"The lead actor delivered a delightful performance. Wow, just wow.",Neutral,0.35682696375687406,0.2134042907080215,0.42976874553510436
"The visuals were refreshing, but the story was dull. A strange experience overall.",Neutral,0.41141401607681494,0.09171416964854318,0.49687181427464183
"It’s a weird mix of brilliance and stupidity. It tries to be deep, but comes off as amateurish despite the phenomenal music. Your mileage may vary significantly.",Abstain,0.3333333333333333,0.3333333333333333,0.3333333333333333
"It was... fine. The acting is fine, but the CGI is a bit unremarkable. Acceptable, but forgettable.",Neutral,0.002372198180835636,0.1709423082682231,0.8266854935509413
A refreshing take on a tired genre. It perfectly balances humor and drama. I will be thinking about this for days.,Abstain,0.3333333333333333,0.3333333333333333,0.3333333333333333
"I oscillated between loving and hating this film. The acting was stunning, yet the dialogue felt horrible. Your mileage may vary significantly.",Abstain,0.3333333333333333,0.3333333333333333,0.3333333333333333
"It’s a weird mix of brilliance and stupidity. While the story arc shines, the rest is jarring. It’s definitely not for everyone.",Abstain,0.3333333333333333,0.3333333333333333,0.3333333333333333
"I oscillated between loving and hating this film. Great concept, but the execution was wooden. A polarizing experience for sure.",Positive,0.0006655134811182503,0.9977935443211748,0.0015409421977070677
This movie is a triumph in every sense. The costume design was absolutely flawless. Do yourself a favor and go see this.,Abstain,0.3333333333333333,0.3333333333333333,0.3333333333333333
The visual effects were stellar and added so much depth. I was hooked from the very first minute.,Abstain,0.3333333333333333,0.3333333333333333,0.3333333333333333
"I have mixed feelings about this one. Visually it's fine, but the score is just typical. It is what it is.",Neutral,1.0327638704704273e-05,0.22968884298065323,0.770300829380642
"Simply put, this is cinema at its finest. Two thumbs way up.",Neutral,0.001868461348403918,0.21603112319561193,0.7821004154559842
"The dialogue was absolutely phenomenal. Wow, just wow.",Neutral,0.35682696375687406,0.2134042907080215,0.42976874553510436
"The story arc was okay, but forgettable. Standard fare for this type of movie.",Neutral,0.0021559933427630043,0.09291621143244604,0.904927795224791
I couldn't get past the unbearable lighting. What a complete waste of potential.,Neutral,0.41141401607681494,0.09171416964854318,0.49687181427464183
A cinematic masterpiece. A must-watch for fans of the genre.,Positive,0.14199769147135863,0.462008916425722,0.3959933921029194
The CGI distracted me from everything else. Total garbage.,Neutral,0.35682696375687406,0.2134042907080215,0.42976874553510436
"I'm honestly still trying to process what I just saw. The first half was refreshing, but the ending was dull. It left me puzzled.",Neutral,0.4209667509654303,0.1569132682758736,0.42211998075869617
"Visually it's fine, but the screenplay is just passable. It serves its purpose as popcorn filler.",Neutral,0.001845489792082365,0.35677824931438523,0.6413762608935323
I struggled to sit through the first half. Save your money and watch something else.,Abstain,0.3333333333333333,0.3333333333333333,0.3333333333333333
"The visuals were iconic, but the story was confusing. A strange experience overall.",Neutral,0.35682696375687406,0.2134042907080215,0.42976874553510436
"I am confused about how I feel. The acting was compelling, yet the CGI felt cheap. It’s definitely not for everyone.",Positive,0.11421095182561469,0.6213429023011843,0.2644461458732012
"It follows the standard formula without taking risks. Neither good nor bad, just exists.",Neutral,0.19963475416102108,0.24211243486979356,0.5582528109691853
"I have mixed feelings about this one. While the costume design was good, the rest felt mediocre. Acceptable, but forgettable.",Neutral,0.0008333812701008806,0.32671262866439515,0.672453990065504
"It has some good moments, especially the lighting. Standard fare for this type of movie.",Positive,0.11421095182561469,0.6213429023011843,0.2644461458732012
"The cinematography was mediocre, but nothing special. I walked in with low expectations and they were met.",Abstain,0.3333333333333333,0.3333333333333333,0.3333333333333333
"Simply put, this is cinema at its finest. A must-watch for fans of the genre.",Neutral,0.001845489792082365,0.35677824931438523,0.6413762608935323
"It’s a weird mix of brilliance and stupidity. While the editing shines, the rest is horrible. I think I need to watch it again to decide.",Abstain,0.3333333333333333,0.3333333333333333,0.3333333333333333
"The acting is fine, but the final act is a bit generic. It was... fine.",Neutral,0.001845489792082365,0.35677824931438523,0.6413762608935323
A strange experience overall. It’s definitely not for everyone.,Neutral,0.35682696375687406,0.2134042907080215,0.42976874553510436
"Ideally, this should have been great, but something was off. The acting was phenomenal, yet the cinematography felt tedious. It left me puzzled.",Positive,0.0006655134811182503,0.9977935443211748,0.0015409421977070677
It’s a weird mix of brilliance and stupidity. It’s definitely not for everyone.,Neutral,0.35682696375687406,0.2134042907080215,0.42976874553510436
I struggled to sit through the first half. Avoid this at all costs.,Neutral,0.35682696375687406,0.2134042907080215,0.42976874553510436
The lead actor delivered a memorable performance. An absolute joy to watch from start to finish.,Abstain,0.3333333333333333,0.3333333333333333,0.3333333333333333
A cinematic masterpiece. The lead actor delivered a touching performance. A must-watch for fans of the genre.,Positive,0.11421095182561469,0.6213429023011843,0.2644461458732012
The screenplay was frankly pretentious. A frustrating experience.,Neutral,0.35682696375687406,0.2134042907080215,0.42976874553510436
"The pacing was okay, but forgettable. Middle of the road entertainment.",Neutral,1.0522095833174867e-05,0.052167313467803775,0.947822164436363
I couldn't get past the disjointed lighting. I want my two hours back.,Neutral,0.35682696375687406,0.2134042907080215,0.42976874553510436
"It was a decent way to kill an afternoon. While the pacing was good, the rest felt passable. Wait for it to come out on streaming.",Positive,0.0005383758087429272,0.5662338791499354,0.4332277450413217
This is a very difficult movie to categorize. A polarizing experience for sure.,Neutral,0.35682696375687406,0.2134042907080215,0.42976874553510436
A refreshing take on a tired genre. It managed to be solid without trying too hard. Highly recommended for everyone.,Positive,0.11421095182561469,0.6213429023011843,0.2644461458732012
"I'm honestly still trying to process what I just saw. The first half was gripping, but the ending was lazy. It’s definitely not for everyone.",Abstain,0.3333333333333333,0.3333333333333333,0.3333333333333333
"The visuals were stellar, but the story was wooden. I'm honestly still trying to process what I just saw.",Abstain,0.3333333333333333,0.3333333333333333,0.3333333333333333
"It was... fine. It has some good moments, especially the acting. Wait for it to come out on streaming.",Positive,0.0005383758087429272,0.5662338791499354,0.4332277450413217
I particularly loved how the lighting was handled. A cinematic masterpiece.,Positive,0.14199769147135863,0.462008916425722,0.3959933921029194
"It perfectly balances humor and drama. Wow, just wow.",Neutral,0.35682696375687406,0.2134042907080215,0.42976874553510436
"It’s a weird mix of brilliance and stupidity. While the final act shines, the rest is horrible. I respect the ambition, even if it didn't fully land.",Abstain,0.3333333333333333,0.3333333333333333,0.3333333333333333
Middle of the road entertainment. It doesn't leave a lasting impression. Wait for it to come out on streaming.,Neutral,1.0327638704704273e-05,0.22968884298065323,0.770300829380642
"The lead actor delivered a flawless performance. Finally, a movie that respects the audience.",Neutral,0.35682696375687406,0.2134042907080215,0.42976874553510436
"While the final act shines, the rest is cringe-worthy. Ideally, this should have been great, but something was off.",Positive,0.0006655134811182503,0.9977935443211748,0.0015409421977070677
It relies too heavily on cheap tropes and lifeless writing. This might be the worst thing I've seen all year.,Neutral,0.4209667509654303,0.1569132682758736,0.42211998075869617
"I have mixed feelings about this one. The cinematography was adequate, but nothing special. If you're bored, give it a shot.",Neutral,0.001845489792082365,0.35677824931438523,0.6413762608935323
"This is a very difficult movie to categorize. The first half was phenomenal, but the ending was cheap. I respect the ambition, even if it didn't fully land.",Abstain,0.3333333333333333,0.3333333333333333,0.3333333333333333
I couldn't get past the lifeless story arc. The trailer was better than the movie.,Neutral,0.4209667509654303,0.1569132682758736,0.42211998075869617
A frustrating experience. The soundtrack distracted me from everything else. A complete misfire.,Neutral,0.35682696375687406,0.2134042907080215,0.42976874553510436
I was completely blown away by this film. The opening scene was absolutely compelling. Don't miss this one.,Positive,0.11421095182561469,0.6213429023011843,0.2644461458732012
A frustrating experience. I couldn't get past the wooden cinematography. I wouldn't recommend this to my worst enemy.,Positive,0.11421095182561469,0.6213429023011843,0.2644461458732012
It follows the standard formula without taking risks. It was... fine.,Neutral,0.001868461348403918,0.21603112319561193,0.7821004154559842
I was hooked from the very first minute. I particularly loved how the lighting was handled. A definitive 10/10.,Positive,0.11421095182561469,0.6213429023011843,0.2644461458732012
"It’s not a masterpiece, but it’s not a disaster either. If you're bored, give it a shot.",Positive,0.0008898545517764636,0.5569224921545424,0.44218765329368115
"The acting was heartwarming, yet the story arc felt cringe-worthy. I'm honestly still trying to process what I just saw.",Positive,0.11421095182561469,0.6213429023011843,0.2644461458732012
I walked in with low expectations and they were met. Wait for it to come out on streaming.,Abstain,0.3333333333333333,0.3333333333333333,0.3333333333333333
"It has some good moments, especially the cinematography. Neither good nor bad, just exists.",Neutral,0.19963475416102108,0.24211243486979356,0.5582528109691853
"It doesn't leave a lasting impression. Neither good nor bad, just exists.",Neutral,0.19963475416102108,0.24211243486979356,0.5582528109691853
"The story arc was frankly tedious. I tried to like it, I really did, but it failed.",Abstain,0.3333333333333333,0.3333333333333333,0.3333333333333333
"While the lighting was good, the rest felt average. It was a decent way to kill an afternoon.",Positive,0.0005383758087429272,0.5662338791499354,0.4332277450413217
This movie is a triumph in every sense. I will be thinking about this for days.,Abstain,0.3333333333333333,0.3333333333333333,0.3333333333333333
"I tried to like it, I really did, but it failed. The pacing distracted me from everything else. It’s a hard pass from me.",Abstain,0.3333333333333333,0.3333333333333333,0.3333333333333333
"Wow, just wow. A must-watch for fans of the genre.",Neutral,0.35682696375687406,0.2134042907080215,0.42976874553510436
"I have mixed feelings about this one. The acting is fine, but the costume design is a bit watchable. Good for a one-time watch.",Positive,0.0005383758087429272,0.5662338791499354,0.4332277450413217
"It serves its purpose as popcorn filler. It has some good moments, especially the lighting. If you're bored, give it a shot.",Positive,0.11421095182561469,0.6213429023011843,0.2644461458732012
"A strange experience overall. While the CGI shines, the rest is cheap. It’s definitely not for everyone.",Abstain,0.3333333333333333,0.3333333333333333,0.3333333333333333
"I was hooked from the very first minute. Every scene felt earned, and the pacing was delightful. Do yourself a favor and go see this.",Abstain,0.3333333333333333,0.3333333333333333,0.3333333333333333
"Neither good nor bad, just exists. Acceptable, but forgettable.",Neutral,0.19963475416102108,0.24211243486979356,0.5582528109691853
An absolute joy to watch from start to finish. It managed to be phenomenal without trying too hard. I will be thinking about this for days.,Abstain,0.3333333333333333,0.3333333333333333,0.3333333333333333
A refreshing take on a tired genre. I can't wait to see it again.,Neutral,0.35682696375687406,0.2134042907080215,0.42976874553510436
I struggled to sit through the first half. Nothing about the direction worked. Do not bother.,Abstain,0.3333333333333333,0.3333333333333333,0.3333333333333333
I have never been so bored in my life. A complete misfire.,Neutral,0.35682696375687406,0.2134042907080215,0.42976874553510436
This movie is a triumph in every sense. The lead actor delivered a phenomenal performance. A must-watch for fans of the genre.,Abstain,0.3333333333333333,0.3333333333333333,0.3333333333333333
"A refreshing take on a tired genre. Every scene felt earned, and the lighting was solid. I can't wait to see it again.",Abstain,0.3333333333333333,0.3333333333333333,0.3333333333333333
"It serves its purpose as popcorn filler. The dialogue was standard, but nothing special. Acceptable, but forgettable.",Neutral,0.4209667509654303,0.1569132682758736,0.42211998075869617
"While the character development shines, the rest is amateurish. Ideally, this should have been great, but something was off.",Positive,0.0006655134811182503,0.9977935443211748,0.0015409421977070677
I have mixed feelings about this one. Wait for it to come out on streaming.,Neutral,0.001845489792082365,0.35677824931438523,0.6413762608935323
"It’s a weird mix of brilliance and stupidity. I respect the ambition, even if it didn't fully land.",Abstain,0.3333333333333333,0.3333333333333333,0.3333333333333333
It managed to be phenomenal without trying too hard. I was completely blown away by this film.,Abstain,0.3333333333333333,0.3333333333333333,0.3333333333333333
"It was... fine. If you're bored, give it a shot.",Neutral,0.001868461348403918,0.21603112319561193,0.7821004154559842
I was completely blown away by this film. It managed to be superb without trying too hard. Two thumbs way up.,Positive,0.11421095182561469,0.6213429023011843,0.2644461458732012
"The score was frankly convoluted. I tried to like it, I really did, but it failed.",Abstain,0.3333333333333333,0.3333333333333333,0.3333333333333333
The CGI distracted me from everything else. The trailer was better than the movie.,Neutral,0.35682696375687406,0.2134042907080215,0.42976874553510436
An absolute train wreck of a movie. It felt like a rough draft that was never edited. I walked out halfway through.,Abstain,0.3333333333333333,0.3333333333333333,0.3333333333333333
I have mixed feelings about this one. Good for a one-time watch.,Neutral,0.0006253145529842939,0.3933275185748236,0.6060471668721921
"The acting was solid, yet the opening scene felt pretentious. Ideally, this should have been great, but something was off.",Positive,0.0006655134811182503,0.9977935443211748,0.0015409421977070677
"Ideally, this should have been great, but something was off. It tries to be deep, but comes off as wooden despite the intense music. I respect the ambition, even if it didn't fully land.",Positive,0.0006655134811182503,0.9977935443211748,0.0015409421977070677
"I'm honestly still trying to process what I just saw. The visuals were flawless, but the story was amateurish. Your mileage may vary significantly.",Abstain,0.3333333333333333,0.3333333333333333,0.3333333333333333
"A strange experience overall. While the dialogue shines, the rest is disjointed. I respect the ambition, even if it didn't fully land.",Abstain,0.3333333333333333,0.3333333333333333,0.3333333333333333
"Neither good nor bad, just exists. Wait for it to come out on streaming.",Neutral,0.19963475416102108,0.24211243486979356,0.5582528109691853
Standard fare for this type of movie. It doesn't leave a lasting impression. Good for a one-time watch.,Positive,0.11421095182561469,0.6213429023011843,0.2644461458732012
"It serves its purpose as popcorn filler. It has some good moments, especially the direction. Wait for it to come out on streaming.",Positive,0.11421095182561469,0.6213429023011843,0.2644461458732012
"It has some good moments, especially the story arc. Standard fare for this type of movie.",Positive,0.11421095182561469,0.6213429023011843,0.2644461458732012
"Wow, just wow. The chemistry between the cast was refreshing. Two thumbs way up.",Neutral,0.35682696375687406,0.2134042907080215,0.42976874553510436
I want my two hours back. It’s a hard pass from me.,Neutral,0.35682696375687406,0.2134042907080215,0.42976874553510436
"The visuals were stellar, but the story was dull. It’s a weird mix of brilliance and stupidity.",Neutral,0.4209667509654303,0.1569132682758736,0.42211998075869617
"It’s a weird mix of brilliance and stupidity. While the final act shines, the rest is uninspired. I think I need to watch it again to decide.",Abstain,0.3333333333333333,0.3333333333333333,0.3333333333333333
This might be the worst thing I've seen all year. I walked out halfway through.,Abstain,0.3333333333333333,0.3333333333333333,0.3333333333333333
This might be the worst thing I've seen all year. It relies too heavily on cheap tropes and tedious writing. Save your money and watch something else.,Abstain,0.3333333333333333,0.3333333333333333,0.3333333333333333
Nothing about the cinematography worked. The trailer was better than the movie.,Neutral,0.35682696375687406,0.2134042907080215,0.42976874553510436
An absolute joy to watch from start to finish. It deserves all the awards it's getting.,Abstain,0.3333333333333333,0.3333333333333333,0.3333333333333333
"The acting is fine, but the cinematography is a bit generic. It’s not a masterpiece, but it’s not a disaster either.",Neutral,3.404913505556998e-06,0.41197279548461746,0.588023799601877
I walked in with low expectations and they were met. Good for a one-time watch.,Positive,0.11421095182561469,0.6213429023011843,0.2644461458732012
The trailer was better than the movie. I wouldn't recommend this to my worst enemy.,Positive,0.11421095182561469,0.6213429023011843,0.2644461458732012
A cinematic masterpiece. The editing was absolutely intense. A must-watch for fans of the genre.,Positive,0.11421095182561469,0.6213429023011843,0.2644461458732012
I have never been so bored in my life. Zero stars if I could give it.,Abstain,0.3333333333333333,0.3333333333333333,0.3333333333333333
It was... fine. It doesn't leave a lasting impression. Good for a one-time watch.,Neutral,0.0006253145529842939,0.3933275185748236,0.6060471668721921
The lead actor delivered a gripping performance. I was hooked from the very first minute.,Abstain,0.3333333333333333,0.3333333333333333,0.3333333333333333
I walked in with low expectations and they were met. It is what it is.,Neutral,0.0030243012745406438,0.34791823648675985,0.6490574622386996
"It has some good moments, especially the pacing. It’s not a masterpiece, but it’s not a disaster either.",Positive,0.0008898545517764636,0.5569224921545424,0.44218765329368115
It felt like a rough draft that was never edited. What a complete waste of potential.,Neutral,0.4209667509654303,0.1569132682758736,0.42211998075869617
The opening scene was frankly unbearable. Total garbage.,Neutral,0.35682696375687406,0.2134042907080215,0.42976874553510436
"The score was serviceable, but nothing special. Middle of the road entertainment.",Neutral,9.696017853867085e-06,0.12896674912457498,0.8710235548575712
"I tried to like it, I really did, but it failed. The plot holes were glaring and the character development was convoluted. Save your money and watch something else.",Abstain,0.3333333333333333,0.3333333333333333,0.3333333333333333
"I oscillated between loving and hating this film. While the screenplay shines, the rest is dull. It left me puzzled.",Neutral,0.4209667509654303,0.1569132682758736,0.42211998075869617
"It managed to be breathtaking without trying too hard. Finally, a movie that respects the audience.",Abstain,0.3333333333333333,0.3333333333333333,0.3333333333333333
"Simply put, this is cinema at its finest. I can't wait to see it again.",Neutral,0.001845489792082365,0.35677824931438523,0.6413762608935323
The trailer was better than the movie. Do not bother.,Neutral,0.35682696375687406,0.2134042907080215,0.42976874553510436
An absolute joy to watch from start to finish. The lead actor delivered a iconic performance. It deserves all the awards it's getting.,Abstain,0.3333333333333333,0.3333333333333333,0.3333333333333333
An absolute train wreck of a movie. The story arc distracted me from everything else. I wouldn't recommend this to my worst enemy.,Positive,0.11421095182561469,0.6213429023011843,0.2644461458732012
"Ideally, this should have been great, but something was off. A polarizing experience for sure.",Positive,0.0006655134811182503,0.9977935443211748,0.0015409421977070677
"This is a very difficult movie to categorize. The acting was phenomenal, yet the direction felt convoluted. A polarizing experience for sure.",Abstain,0.3333333333333333,0.3333333333333333,0.3333333333333333
"The visuals were delightful, but the story was cringe-worthy. I am confused about how I feel.",Positive,0.11421095182561469,0.6213429023011843,0.2644461458732012
I was hooked from the very first minute. It perfectly balances humor and drama. It deserves all the awards it's getting.,Abstain,0.3333333333333333,0.3333333333333333,0.3333333333333333
An absolute train wreck of a movie. A complete misfire.,Neutral,0.35682696375687406,0.2134042907080215,0.42976874553510436
The trailer was better than the movie. The costume design was frankly lazy. It’s a hard pass from me.,Abstain,0.3333333333333333,0.3333333333333333,0.3333333333333333
It relies too heavily on cheap tropes and clichéd writing. An absolute train wreck of a movie.,Abstain,0.3333333333333333,0.3333333333333333,0.3333333333333333
I walked in with low expectations and they were met. It follows the standard formula without taking risks. You won't remember it a week from now.,Abstain,0.3333333333333333,0.3333333333333333,0.3333333333333333
"Wow, just wow. The chemistry between the cast was refreshing. A must-watch for fans of the genre.",Abstain,0.3333333333333333,0.3333333333333333,0.3333333333333333
I want my two hours back. Zero stars if I could give it.,Neutral,0.35682696375687406,0.2134042907080215,0.42976874553510436
"The soundtrack was decent, but nothing special. It was... fine.",Neutral,0.001868461348403918,0.21603112319561193,0.7821004154559842
An absolute joy to watch from start to finish. I can't wait to see it again.,Abstain,0.3333333333333333,0.3333333333333333,0.3333333333333333
An absolute train wreck of a movie. Utterly disappointing.,Neutral,0.41141401607681494,0.09171416964854318,0.49687181427464183
Total garbage. I walked out halfway through.,Neutral,0.35682696375687406,0.2134042907080215,0.42976874553510436
"The chemistry between the cast was gripping. Simply put, this is cinema at its finest.",Neutral,0.001845489792082365,0.35677824931438523,0.6413762608935323
I struggled to sit through the first half. It felt like a rough draft that was never edited. Avoid this at all costs.,Abstain,0.3333333333333333,0.3333333333333333,0.3333333333333333
"It’s not a masterpiece, but it’s not a disaster either. Good for a one-time watch.",Positive,0.0008898545517764636,0.5569224921545424,0.44218765329368115
"I tried to like it, I really did, but it failed. The final act distracted me from everything else. Zero stars if I could give it.",Abstain,0.3333333333333333,0.3333333333333333,0.3333333333333333
I was hooked from the very first minute. It deserves all the awards it's getting.,Abstain,0.3333333333333333,0.3333333333333333,0.3333333333333333
It relies too heavily on cheap tropes and dull writing. An absolute train wreck of a movie.,Neutral,0.4209667509654303,0.1569132682758736,0.42211998075869617
"Neither good nor bad, just exists. If you're bored, give it a shot.",Neutral,0.19963475416102108,0.24211243486979356,0.5582528109691853
The visual effects were masterful and added so much depth. I didn't expect to enjoy this as much as I did.,Abstain,0.3333333333333333,0.3333333333333333,0.3333333333333333
This might be the worst thing I've seen all year. The plot holes were glaring and the score was dull. Do not bother.,Neutral,0.4209667509654303,0.1569132682758736,0.42211998075869617
The score distracted me from everything else. This might be the worst thing I've seen all year.,Abstain,0.3333333333333333,0.3333333333333333,0.3333333333333333
I struggled to sit through the first half. Zero stars if I could give it.,Abstain,0.3333333333333333,0.3333333333333333,0.3333333333333333
"Middle of the road entertainment. Visually it's fine, but the lighting is just generic. Good for a one-time watch.",Neutral,3.404913505556998e-06,0.41197279548461746,0.588023799601877
I'm honestly still trying to process what I just saw. I think I need to watch it again to decide.,Abstain,0.3333333333333333,0.3333333333333333,0.3333333333333333
Total garbage. Do not bother.,Neutral,0.35682696375687406,0.2134042907080215,0.42976874553510436
I was hooked from the very first minute. Do yourself a favor and go see this.,Abstain,0.3333333333333333,0.3333333333333333,0.3333333333333333
A cinematic masterpiece. Do yourself a favor and go see this.,Positive,0.14199769147135863,0.462008916425722,0.3959933921029194
"Finally, a movie that respects the audience. The chemistry between the cast was iconic. It deserves all the awards it's getting.",Abstain,0.3333333333333333,0.3333333333333333,0.3333333333333333
"Ideally, this should have been great, but something was off. It left me puzzled.",Positive,0.0011105535308711988,0.9957924111916908,0.0030970352774380384
"Ideally, this should have been great, but something was off. While the cinematography shines, the rest is lazy. Your mileage may vary significantly.",Positive,0.0006655134811182503,0.9977935443211748,0.0015409421977070677
"I am confused about how I feel. While the direction shines, the rest is cringe-worthy. It’s definitely not for everyone.",Positive,0.11421095182561469,0.6213429023011843,0.2644461458732012
This movie is a triumph in every sense. Don't miss this one.,Neutral,0.35682696375687406,0.2134042907080215,0.42976874553510436
"The acting was intense, yet the screenplay felt unbearable. I'm honestly still trying to process what I just saw.",Abstain,0.3333333333333333,0.3333333333333333,0.3333333333333333
It relies too heavily on cheap tropes and disjointed writing. An absolute train wreck of a movie.,Abstain,0.3333333333333333,0.3333333333333333,0.3333333333333333
It managed to be breathtaking without trying too hard. I was completely blown away by this film.,Abstain,0.3333333333333333,0.3333333333333333,0.3333333333333333
"The visuals were stellar, but the story was cringe-worthy. I am confused about how I feel.",Positive,0.11421095182561469,0.6213429023011843,0.2644461458732012
"It felt like a rough draft that was never edited. I tried to like it, I really did, but it failed.",Abstain,0.3333333333333333,0.3333333333333333,0.3333333333333333
It follows the standard formula without taking risks. I have mixed feelings about this one.,Neutral,0.001845489792082365,0.35677824931438523,0.6413762608935323
"It tries to be deep, but comes off as lifeless despite the solid music. I'm honestly still trying to process what I just saw.",Neutral,0.4209667509654303,0.1569132682758736,0.42211998075869617
I want my two hours back. It relies too heavily on cheap tropes and horrible writing. Utterly disappointing.,Neutral,0.4209667509654303,0.1569132682758736,0.42211998075869617
"Finally, a movie that respects the audience. It managed to be breathtaking without trying too hard. I can't wait to see it again.",Abstain,0.3333333333333333,0.3333333333333333,0.3333333333333333
"Standard fare for this type of movie. The acting is fine, but the lighting is a bit decent. 6/10 at best.",Neutral,0.001845489792082365,0.35677824931438523,0.6413762608935323
It serves its purpose as popcorn filler. It doesn't leave a lasting impression. 6/10 at best.,Abstain,0.3333333333333333,0.3333333333333333,0.3333333333333333
I struggled to sit through the first half. Do not bother.,Neutral,0.35682696375687406,0.2134042907080215,0.42976874553510436
I walked in with low expectations and they were met. You won't remember it a week from now.,Abstain,0.3333333333333333,0.3333333333333333,0.3333333333333333
"It was... fine. It has some good moments, especially the costume design. 6/10 at best.",Positive,0.0005383758087429272,0.5662338791499354,0.4332277450413217
A refreshing take on a tired genre. Highly recommended for everyone.,Positive,0.14199769147135863,0.462008916425722,0.3959933921029194
"I oscillated between loving and hating this film. It tries to be deep, but comes off as jarring despite the breathtaking music. It left me puzzled.",Abstain,0.3333333333333333,0.3333333333333333,0.3333333333333333
"It tries to be deep, but comes off as nonsensical despite the stunning music. A strange experience overall.",Abstain,0.3333333333333333,0.3333333333333333,0.3333333333333333
"While the pacing was good, the rest felt adequate. Middle of the road entertainment.",Neutral,3.5667938868217163e-06,0.2580987793186517,0.7418976538874615
"The acting is fine, but the story arc is a bit adequate. It was a decent way to kill an afternoon.",Neutral,0.001845489792082365,0.35677824931438523,0.6413762608935323
"The character development was decent, but nothing special. It’s not a masterpiece, but it’s not a disaster either.",Neutral,3.404913505556998e-06,0.41197279548461746,0.588023799601877
"Standard fare for this type of movie. While the opening scene was good, the rest felt mediocre. Acceptable, but forgettable.",Neutral,0.18692952144753136,0.37906471269234443,0.43400576586012435
The trailer was better than the movie. The cinematography distracted me from everything else. A complete misfire.,Abstain,0.3333333333333333,0.3333333333333333,0.3333333333333333
"It tries to be deep, but comes off as amateurish despite the vibrant music. I oscillated between loving and hating this film.",Abstain,0.3333333333333333,0.3333333333333333,0.3333333333333333
"The acting was vibrant, yet the acting felt confusing. I'm honestly still trying to process what I just saw.",Abstain,0.3333333333333333,0.3333333333333333,0.3333333333333333
"It serves its purpose as popcorn filler. Visually it's fine, but the acting is just average. It is what it is.",Neutral,1.0327638704704273e-05,0.22968884298065323,0.770300829380642
This might be the worst thing I've seen all year. The story arc was frankly tedious. I wouldn't recommend this to my worst enemy.,Positive,0.11421095182561469,0.6213429023011843,0.2644461458732012
Total garbage. Save your money and watch something else.,Neutral,0.35682696375687406,0.2134042907080215,0.42976874553510436
"I have mixed feelings about this one. The acting is fine, but the opening scene is a bit generic. It’s okay if you have nothing else to do.",Neutral,0.001845489792082365,0.35677824931438523,0.6413762608935323
I'm honestly still trying to process what I just saw. It left me puzzled.,Neutral,0.35682696375687406,0.2134042907080215,0.42976874553510436
"I oscillated between loving and hating this film. The acting was compelling, yet the final act felt disjointed. I respect the ambition, even if it didn't fully land.",Positive,0.11421095182561469,0.6213429023011843,0.2644461458732012
"I oscillated between loving and hating this film. The visuals were vibrant, but the story was amateurish. I respect the ambition, even if it didn't fully land.",Abstain,0.3333333333333333,0.3333333333333333,0.3333333333333333
A refreshing take on a tired genre. A definitive 10/10.,Neutral,0.35682696375687406,0.2134042907080215,0.42976874553510436
"The acting was expertly crafted, yet the story arc felt lifeless. It’s a weird mix of brilliance and stupidity.",Neutral,0.4209667509654303,0.1569132682758736,0.42211998075869617
"The visuals were delightful, but the story was cheap. I oscillated between loving and hating this film.",Abstain,0.3333333333333333,0.3333333333333333,0.3333333333333333
"While the character development was good, the rest felt generic. Standard fare for this type of movie.",Positive,0.11421095182561469,0.6213429023011843,0.2644461458732012
Nothing about the direction worked. What a complete waste of potential.,Neutral,0.41141401607681494,0.09171416964854318,0.49687181427464183
"It has some good moments, especially the cinematography. I have mixed feelings about this one.",Positive,0.0005383758087429272,0.5662338791499354,0.4332277450413217
"The chemistry between the cast was stellar. Simply put, this is cinema at its finest.",Neutral,0.001845489792082365,0.35677824931438523,0.6413762608935323
"Great concept, but the execution was wooden. A strange experience overall.",Positive,0.0011105535308711988,0.9957924111916908,0.0030970352774380384
I walked in with low expectations and they were met. It’s okay if you have nothing else to do.,Neutral,0.001845489792082365,0.35677824931438523,0.6413762608935323
"I tried to like it, I really did, but it failed. Save your money and watch something else.",Abstain,0.3333333333333333,0.3333333333333333,0.3333333333333333
"While the editing shines, the rest is lifeless. This is a very difficult movie to categorize.",Neutral,0.4209667509654303,0.1569132682758736,0.42211998075869617
I was completely blown away by this film. A definitive 10/10.,Neutral,0.35682696375687406,0.2134042907080215,0.42976874553510436
"Finally, a movie that respects the audience. I particularly loved how the costume design was handled. Do yourself a favor and go see this.",Positive,0.11421095182561469,0.6213429023011843,0.2644461458732012
The screenplay distracted me from everything else. I struggled to sit through the first half.,Abstain,0.3333333333333333,0.3333333333333333,0.3333333333333333
It doesn't leave a lasting impression. It was... fine.,Neutral,0.001868461348403918,0.21603112319561193,0.7821004154559842
This might be the worst thing I've seen all year. The plot holes were glaring and the score was lazy. Zero stars if I could give it.,Abstain,0.3333333333333333,0.3333333333333333,0.3333333333333333
"Neither good nor bad, just exists. It is what it is.",Neutral,0.0013501484148384178,0.1883712404757482,0.8102786111094133
The lead actor delivered a heartwarming performance. A cinematic masterpiece.,Positive,0.14199769147135863,0.462008916425722,0.3959933921029194
"The pacing was absolutely touching. Wow, just wow.",Neutral,0.35682696375687406,0.2134042907080215,0.42976874553510436
A frustrating experience. The plot holes were glaring and the dialogue was tedious. Utterly disappointing.,Neutral,0.4209667509654303,0.1569132682758736,0.42211998075869617
